<snapshot>

    <configuration>
    
        <data xmlns="urn:ietf:params:xml:ns:netconf:base:1.0">
            <modules xmlns="urn:opendaylight:params:xml:ns:yang:controller:config">
                <module>
                    <type xmlns:prefix="urn:opendaylight:params:xml:ns:yang:controller:md:sal:dom:impl">prefix:schema-service-singleton</type>
                    <name>yang-schema-service</name>
                </module>
                <module>
                    <type xmlns:prefix="urn:opendaylight:params:xml:ns:yang:controller:md:sal:dom:impl">prefix:hash-map-data-store</type>
                    <name>hash-map-data-store</name>
                </module>
                <module>
                    <type xmlns:prefix="urn:opendaylight:params:xml:ns:yang:controller:md:sal:dom:impl">prefix:dom-broker-impl</type>
                    <name>dom-broker</name>
                    <data-store xmlns="urn:opendaylight:params:xml:ns:yang:controller:md:sal:dom:impl">
                        <type xmlns:dom="urn:opendaylight:params:xml:ns:yang:controller:md:sal:dom">dom:dom-data-store</type>
                        <!-- to switch to the clustered data store, comment out the hash-map-data-store <name> and uncomment the cluster-data-store one -->
                        <name>hash-map-data-store</name>
                        <!-- <name>cluster-data-store</name> -->
                    </data-store>
                </module>
                <module>
                    <type xmlns:prefix="urn:opendaylight:params:xml:ns:yang:controller:md:sal:binding:impl">prefix:binding-broker-impl</type>
                    <name>binding-broker-impl</name>
                    <notification-service xmlns="urn:opendaylight:params:xml:ns:yang:controller:md:sal:binding:impl">
                        <type xmlns:binding="urn:opendaylight:params:xml:ns:yang:controller:md:sal:binding">binding:binding-notification-service</type>
                        <name>binding-notification-broker</name>
                    </notification-service>
                    <data-broker xmlns="urn:opendaylight:params:xml:ns:yang:controller:md:sal:binding:impl">
                        <type xmlns:binding="urn:opendaylight:params:xml:ns:yang:controller:md:sal:binding">binding:binding-data-broker</type>
                        <name>binding-data-broker</name>
                    </data-broker>
                </module>
                <module>
                    <type xmlns:prefix="urn:opendaylight:params:xml:ns:yang:controller:md:sal:binding:impl">prefix:runtime-generated-mapping</type>
                    <name>runtime-mapping-singleton</name>
                </module>
                <module>
                    <type xmlns:prefix="urn:opendaylight:params:xml:ns:yang:controller:md:sal:binding:impl">prefix:binding-notification-broker</type>
                    <name>binding-notification-broker</name>
                </module>
                <module>
                    <type xmlns:prefix="urn:opendaylight:params:xml:ns:yang:controller:md:sal:binding:impl">prefix:binding-data-broker</type>
                    <name>binding-data-broker</name>
                    <dom-broker xmlns="urn:opendaylight:params:xml:ns:yang:controller:md:sal:binding:impl">
                        <type xmlns:dom="urn:opendaylight:params:xml:ns:yang:controller:md:sal:dom">dom:dom-broker-osgi-registry</type>
                        <name>dom-broker</name>
                    </dom-broker>
                    <mapping-service xmlns="urn:opendaylight:params:xml:ns:yang:controller:md:sal:binding:impl">
                        <type xmlns:binding="urn:opendaylight:params:xml:ns:yang:controller:md:sal:binding:impl">binding:binding-dom-mapping-service</type>
                        <name>runtime-mapping-singleton</name>
                    </mapping-service>
                </module>
                
            </modules>
            
            <services xmlns="urn:opendaylight:params:xml:ns:yang:controller:config">
                	<service>
				<type xmlns:dom="urn:opendaylight:params:xml:ns:yang:controller:md:sal:dom">dom:schema-service</type>
				<instance>
					<name>yang-schema-service</name>
					<provider>/modules/module[type='schema-service-singleton'][name='yang-schema-service']</provider>
				</instance>
			</service>
			<service>
				<type xmlns:binding="urn:opendaylight:params:xml:ns:yang:controller:md:sal:binding">binding:binding-notification-service</type>
				<instance>
					<name>binding-notification-broker</name>
					<provider>/modules/module[type='binding-notification-broker'][name='binding-notification-broker']</provider>
				</instance>
			</service>
			<service>
				<type xmlns:dom="urn:opendaylight:params:xml:ns:yang:controller:md:sal:dom">dom:dom-data-store</type>
				<instance>
					<name>hash-map-data-store</name>
					<provider>/modules/module[type='hash-map-data-store'][name='hash-map-data-store']</provider>
				</instance>
			</service>
			<service>
				<type xmlns:binding="urn:opendaylight:params:xml:ns:yang:controller:md:sal:binding">binding:binding-broker-osgi-registry</type>
				<instance>
					<name>binding-osgi-broker</name>
					<provider>/modules/module[type='binding-broker-impl'][name='binding-broker-impl']</provider>
				</instance>
			</service>
			<service>
				<type xmlns:binding="urn:opendaylight:params:xml:ns:yang:controller:md:sal:binding">binding:binding-rpc-registry</type>
				<instance>
					<name>binding-rpc-broker</name>
					<provider>/modules/module[type='binding-broker-impl'][name='binding-broker-impl']</provider>
				</instance>
			</service>
			<service>
				<type xmlns:binding-impl="urn:opendaylight:params:xml:ns:yang:controller:md:sal:binding:impl">binding-impl:binding-dom-mapping-service</type>
				<instance>
					<name>runtime-mapping-singleton</name>
					<provider>/modules/module[type='runtime-generated-mapping'][name='runtime-mapping-singleton']</provider>
				</instance>
			</service>
			<service>
			<type xmlns:dom="urn:opendaylight:params:xml:ns:yang:controller:md:sal:dom">dom:dom-broker-osgi-registry</type>
				<instance>
					<name>dom-broker</name>
					<provider>/modules/module[type='dom-broker-impl'][name='dom-broker']</provider>
				</instance>
			</service>
			<service>
				<type xmlns:binding="urn:opendaylight:params:xml:ns:yang:controller:md:sal:binding">binding:binding-data-broker</type>
				<instance>
					<name>binding-data-broker</name>
					<provider>/modules/module[type='binding-data-broker'][name='binding-data-broker']</provider>
				</instance>
			</service>

            </services>
        </data>

    </configuration>
    
    <required-capabilities>
        <capability>urn:opendaylight:params:xml:ns:yang:controller:netty:eventexecutor?module=netty-event-executor&amp;revision=2013-11-12</capability>
        <capability>urn:opendaylight:params:xml:ns:yang:controller:threadpool?module=threadpool&amp;revision=2013-04-09</capability>
        <capability>urn:opendaylight:params:xml:ns:yang:controller:md:sal:binding?module=opendaylight-md-sal-binding&amp;revision=2013-10-28</capability>
        <capability>urn:opendaylight:params:xml:ns:yang:controller:md:sal:dom?module=opendaylight-md-sal-dom&amp;revision=2013-10-28</capability>
        <capability>urn:opendaylight:params:xml:ns:yang:controller:md:sal:binding:impl?module=opendaylight-sal-binding-broker-impl&amp;revision=2013-10-28</capability>
        <capability>urn:opendaylight:params:xml:ns:yang:controller:md:sal:dom:impl?module=opendaylight-sal-dom-broker-impl&amp;revision=2013-10-28</capability>
        <capability>urn:opendaylight:params:xml:ns:yang:controller:md:sal:common?module=opendaylight-md-sal-common&amp;revision=2013-10-28</capability>
    </required-capabilities>

</snapshot>

